setting,accuracy,macro_f1,sarcastic_f1
comment_only,0.59,0.5893429487179487,0.5729166666666666
context_plus_comment,0.6125,0.6109803921568627,0.5866666666666667
